Title,ID
Jurassic World Dominion,507086
Avatar: The Way of Water,76600
Thor: Love and Thunder,616037
Killers of the Flower Moon,466420
Black Panther: Wakanda Forever,505642
Black Adam,436270
Halloween Ends,616820
Elvis,614934
Don't Worry Darling,619730
Knives Out 2,661374
Uncharted,335787
Top Gun: Maverick,361743
The Lego Batman Movie,
The Batman,414906
Night Has Fallen,762409
The 355,522016
Who Framed Roger Rabbit,
Stars at Noon,603204
Ambulance,763285
,
Deep Water,619979
Sonic the Hedgehog 2,675353
Scream,646385
Doctor Strange in the Multiverse of Madness,453395
Wendell & Wild,
The Man From Toronto,
Hocus Pocus 2,642885
her silent life.,
Death on the Nile,505026
Creed III,677179
Django/Zorro,615464
Tomb Raider,
Disappointment Blvd.,798286
Batgirl,784589
Baby Driver 2,628861
Slumberland,668461
Fantastic Beasts: The Secrets of Dumbledore,338953
,Unknown
Morbius,526896
The Unbearable Weight of Massive Talent,648579
Moonfall,406759
,
Jackass Forever,656663
Extraction 2,697843
Atomic Blonde,
,Unknown
"Red, White and Water",595586
Mob Girl,618059
The Black Hand,438425
,
Bad Samaritan,
The Good Spy,607905
,
The Bob's Burgers Movie,504827
Saint Seiya: Legend of Sanctuary,
Havoc,14695
,
Good Mourning,865686
Big Gold Brick,624798
I Want You Back,680860
Enola Holmes 2,829280
Argylle,848538
Flux Gourmet,848818
Choose or Die,838484
Umma,751237
Bullet Train,718930
The Northman,639933
Downton Abbey: A New Era,820446
,
The Adam Project,696806
Casper: A Spirited Beginning,
Lightyear,718789
The Gray Man,725201
Little Shop of Horrors,10776
Night at the Museum: Kahmunrah Rises Again,751741
Lace Crater,
Poor Things,792307
Hotel Transylvania: Transformania,585083
Pinocchio,10895
Paws of Fury: The Legend of Hank,366672
Laal Singh Chaddha,601635
Nightmare Alley,597208
Cat Person,843394
Rumble,598331
The Retirement Plan,866346
Faster Than the Speed of Light?,
Newsflash,492253
The Black Phone,756999
One True Loves,846961
Arthur the King,134542
Kong: Skull Island,
Blacklight,823625
,
Senior Year,800937
Bill Burr: You People Are All The Same,
Hate to See You Go,838773
,
,
Triangle of Sadness,497828
Me Time,862551
